<?xml version="1.0" encoding="UTF-8"?>
<project-private xmlns="http://www.netbeans.org/ns/project-private/1">
    <editor-bookmarks xmlns="http://www.netbeans.org/ns/editor-bookmarks/2" lastBookmarkId="0"/>
    <open-files xmlns="http://www.netbeans.org/ns/projectui-open-files/2">
        <group>
            <file>file:/D:/summer_academie/summer_java/summerJava/summer_code/src/com/summercoding/bank/gestionnaires/GestionnaireUtilisateur.java</file>
            <file>file:/D:/summer_academie/summer_java/summerJava/summer_code/src/com/summercoding/bank/ui/JFrameAdmin.java</file>
            <file>file:/D:/summer_academie/summer_java/summerJava/summer_code/src/com/summercoding/bank/entities/Compte.java</file>
            <file>file:/D:/summer_academie/summer_java/summerJava/summer_code/src/com/summercoding/bank/gestionnaires/GestionnaireCompte.java</file>
            <file>file:/D:/summer_academie/summer_java/summerJava/summer_code/src/com/summercoding/bank/entities/Admin.java</file>
            <file>file:/D:/summer_academie/summer_java/summerJava/summer_code/src/com/summercoding/bank/gestionnaires/GestionnaireAdmin.java</file>
            <file>file:/D:/summer_academie/summer_java/summerJava/summer_code/src/com/summercoding/bank/controlleur/Controlleur.java</file>
            <file>file:/D:/summer_academie/summer_java/summerJava/summer_code/src/com/summercoding/bank/ui/JFrameSaveUtilisateur.java</file>
            <file>file:/D:/summer_academie/summer_java/summerJava/summer_code/src/com/summercoding/bank/entities/Utilisateur.java</file>
            <file>file:/D:/summer_academie/summer_java/summerJava/summer_code/src/com/summercoding/bank/ui/JFrameSaveCompte.java</file>
            <file>file:/D:/summer_academie/summer_java/summerJava/summer_code/src/com/summercoding/bank/ui/JFrameHome.java</file>
        </group>
    </open-files>
</project-private>
